user_id_1,user_id_2
U0173,U0174
U0080,U0322
U0103,U0115
U0235,U0255
U0155,U0487
U0448,U0449
U0313,U0318
U0094,U0095
U0328,U0340
U0264,U0363
U0047,U0188
U0340,U0380
U0188,U0217
U0230,U0232
U0491,U0492
U0197,U0339
U0162,U0173
U0078,U0338
U0221,U0233
U0241,U0260
U0019,U0377
U0245,U0246
U0291,U0292
U0434,U0439
U0110,U0392
U0078,U0079
U0348,U0357
U0442,U0458
U0045,U0374
U0303,U0304
U0152,U0157
U0061,U0075
U0213,U0220
U0169,U0359
U0047,U0059
U0137,U0311
U0232,U0425
U0296,U0351
U0067,U0073
U0034,U0497
U0003,U0008
U0182,U0186
U0404,U0414
U0290,U0291
U0107,U0108
U0383,U0397
U0147,U0249
U0333,U0365
U0108,U0111
U0444,U0448
U0067,U0074
U0184,U0194
U0464,U0471
U0184,U0199
U0233,U0473
U0171,U0350
U0478,U0479
U0021,U0496
U0404,U0417
U0203,U0334
U0181,U0199
U0409,U0475
U0167,U0206
U0083,U0099
U0271,U0278
U0433,U0440
U0345,U0376
U0185,U0189
U0108,U0117
U0434,U0435
U0317,U0471
U0176,U0180
U0102,U0257
U0162,U0178
U0013,U0410
U0383,U0386
U0349,U0360
U0156,U0227
U0273,U0274
U0146,U0372
U0126,U0127
U0149,U0393
U0170,U0180
U0163,U0175
U0289,U0315
U0468,U0472
U0123,U0125
U0377,U0380
U0239,U0291
U0329,U0330
U0164,U0165
U0083,U0089
U0166,U0212
U0284,U0293
U0143,U0281
U0156,U0373
U0146,U0151
U0345,U0354
U0407,U0412
U0214,U0217
U0284,U0285
U0310,U0320
U0212,U0213
U0073,U0076
U0138,U0139
U0226,U0227
U0382,U0479
U0473,U0474
U0088,U0145
U0486,U0496
U0010,U0056
U0222,U0224
U0146,U0156
U0059,U0060
U0325,U0332
U0121,U0123
U0356,U0358
U0058,U0093
U0128,U0140
U0487,U0496
U0267,U0270
U0089,U0090
U0013,U0019
U0241,U0246
U0271,U0275
U0465,U0470
U0442,U0447
U0187,U0194
U0082,U0088
U0017,U0210
U0430,U0438
U0262,U0263
U0222,U0240
U0242,U0323
U0410,U0416
U0270,U0278
U0162,U0348
U0006,U0345
U0198,U0199
U0290,U0294
U0366,U0443
U0283,U0286
U0221,U0398
U0463,U0467
U0142,U0148
U0283,U0284
U0433,U0437
U0288,U0293
U0427,U0428
U0314,U0457
U0226,U0372
U0404,U0416
U0081,U0085
U0429,U0435
U0055,U0197
U0243,U0257
U0193,U0337
U0209,U0210
U0064,U0080
U0212,U0386
U0302,U0319
U0373,U0433
U0121,U0155
U0154,U0156
U0376,U0378
U0430,U0431
U0441,U0446
U0464,U0465
U0250,U0337
U0158,U0159
U0296,U0342
U0381,U0383
U0435,U0437
U0258,U0434
U0395,U0482
U0225,U0324
U0121,U0133
U0018,U0053
U0361,U0377
U0271,U0272
U0374,U0378
U0207,U0216
U0167,U0452
U0333,U0453
U0229,U0351
U0463,U0476
U0272,U0273
U0335,U0414
U0244,U0249
U0204,U0217
U0236,U0457
U0126,U0132
U0246,U0255
U0229,U0359
U0281,U0284
U0212,U0344
U0203,U0204
U0050,U0060
U0096,U0097
U0166,U0167
U0184,U0190
U0407,U0468
U0441,U0448
U0348,U0446
U0004,U0308
U0227,U0232
U0021,U0031
U0275,U0291
U0162,U0364
U0104,U0117
U0077,U0380
U0048,U0049
U0428,U0458
U0287,U0300
U0489,U0492
U0264,U0267
U0092,U0233
U0226,U0239
U0316,U0318
U0187,U0192
U0362,U0372
U0377,U0423
U0014,U0015
U0364,U0374
U0063,U0069
U0164,U0396
U0182,U0185
U0402,U0406
U0192,U0198
U0294,U0365
U0090,U0097
U0314,U0471
U0488,U0497
U0031,U0146
U0176,U0179
U0310,U0479
U0063,U0067
U0002,U0003
U0052,U0054
U0493,U0495
U0383,U0389
U0105,U0117
U0355,U0356
U0321,U0331
U0361,U0363
U0224,U0230
U0075,U0373
U0102,U0118
U0082,U0087
U0068,U0316
U0142,U0394
U0026,U0033
U0367,U0370
U0340,U0437
U0444,U0445
U0008,U0380
U0356,U0357
U0286,U0299
U0105,U0106
U0071,U0442
U0236,U0237
U0278,U0351
U0030,U0056
U0251,U0353
U0136,U0137
U0438,U0439
U0224,U0225
U0425,U0426
U0185,U0200
U0207,U0209
U0086,U0327
U0287,U0361
U0061,U0461
U0085,U0088
U0295,U0310
U0407,U0414
U0111,U0114
U0222,U0360
U0075,U0395
U0270,U0375
U0091,U0284
U0168,U0179
U0082,U0096
U0342,U0351
U0166,U0351
U0250,U0254
U0370,U0454
U0366,U0389
U0045,U0046
U0370,U0379
U0449,U0456
U0085,U0098
U0305,U0359
U0143,U0148
U0147,U0148
U0208,U0209
U0347,U0348
U0295,U0300
U0288,U0289
U0077,U0078
U0465,U0477
U0327,U0331
U0346,U0349
U0021,U0032
U0346,U0359
U0225,U0229
U0162,U0170
U0473,U0476
U0182,U0327
U0332,U0491
U0150,U0337
U0279,U0280
U0012,U0160
U0322,U0323
U0469,U0475
U0161,U0202
U0302,U0395
U0275,U0280
U0045,U0212
U0227,U0320
U0369,U0372
U0328,U0339
U0077,U0144
U0168,U0254
U0224,U0500
U0373,U0374
U0159,U0234
U0206,U0210
U0051,U0447
U0305,U0479
U0409,U0492
U0444,U0450
U0026,U0056
U0156,U0348
U0386,U0473
U0444,U0455
U0090,U0427
U0061,U0066
U0106,U0112
U0195,U0197
U0021,U0022
U0338,U0468
U0419,U0420
U0161,U0174
U0028,U0139
U0330,U0332
U0235,U0495
U0077,U0335
U0014,U0352
U0042,U0055
U0215,U0216
U0102,U0113
U0005,U0010
U0411,U0417
U0188,U0191
U0406,U0418
U0147,U0149
U0023,U0474
U0394,U0493
U0256,U0438
U0275,U0276
U0241,U0257
U0032,U0416
U0197,U0373
U0482,U0491
U0431,U0436
U0294,U0404
U0250,U0251
U0069,U0242
U0025,U0037
U0481,U0490
U0312,U0435
U0317,U0357
U0432,U0433
U0267,U0275
U0063,U0356
U0427,U0432
U0071,U0072
U0205,U0211
U0292,U0293
U0104,U0105
U0128,U0137
U0033,U0062
U0423,U0428
U0016,U0034
U0303,U0310
U0038,U0142
U0425,U0429
U0061,U0067
U0256,U0257
U0404,U0409
U0328,U0336
U0223,U0280
U0001,U0013
U0421,U0437
U0447,U0456
U0027,U0294
U0342,U0355
U0365,U0465
U0231,U0232
U0319,U0320
U0197,U0395
U0121,U0356
U0170,U0376
U0435,U0438
U0357,U0358
U0092,U0097
U0112,U0419
U0175,U0176
U0392,U0461
U0361,U0375
U0442,U0459
U0056,U0057
U0474,U0475
U0261,U0278
U0301,U0316
U0203,U0211
U0407,U0413
U0483,U0490
U0392,U0396
U0072,U0073
U0486,U0487
U0298,U0299
U0078,U0137
U0022,U0312
U0346,U0355
U0175,U0492
U0369,U0378
U0074,U0394
U0365,U0374
U0307,U0314
U0485,U0499
U0186,U0197
U0441,U0442
U0141,U0379
U0412,U0496
U0368,U0377
U0352,U0356
U0351,U0355
U0339,U0355
U0389,U0396
U0003,U0312
U0282,U0292
U0098,U0154
U0103,U0405
U0459,U0460
U0232,U0273
U0262,U0264
U0259,U0260
U0243,U0244
U0010,U0015
U0066,U0067
U0280,U0475
U0239,U0336
U0162,U0163
U0301,U0318
U0324,U0327
U0099,U0129
U0150,U0151
U0160,U0328
U0492,U0493
U0127,U0135
U0144,U0145
U0191,U0195
U0075,U0272
U0262,U0278
U0377,U0378
U0344,U0357
U0160,U0314
U0009,U0013
U0152,U0153
U0174,U0427
U0363,U0370
U0285,U0293
U0461,U0472
U0346,U0396
U0323,U0324
U0466,U0467
U0008,U0474
U0199,U0286
U0176,U0274
U0058,U0310
U0417,U0418
U0079,U0421
U0466,U0473
U0162,U0166
U0084,U0093
U0012,U0365
U0043,U0046
U0150,U0160
U0162,U0175
U0101,U0229
U0430,U0432
U0185,U0431
U0163,U0178
U0463,U0471
U0310,U0312
U0062,U0491
U0444,U0449
U0485,U0486
U0086,U0087
U0192,U0196
U0202,U0216
U0256,U0259
U0397,U0398
U0287,U0319
U0116,U0117
U0085,U0093
U0331,U0332
U0133,U0490
U0051,U0364
U0201,U0219
U0210,U0211
U0019,U0072
U0104,U0119
U0073,U0141
U0387,U0396
U0035,U0199
U0141,U0441
U0257,U0370
U0324,U0330
U0241,U0310
U0164,U0171
U0202,U0206
U0099,U0100
U0301,U0303
U0221,U0303
U0268,U0278
U0281,U0289
U0274,U0437
U0044,U0051
U0075,U0226
U0120,U0363
U0341,U0342
U0050,U0407
U0261,U0262
U0205,U0207
U0201,U0202
U0394,U0395
U0093,U0321
U0206,U0218
U0143,U0144
U0067,U0475
U0277,U0325
U0209,U0215
U0245,U0253
U0003,U0009
U0464,U0467
U0165,U0429
U0032,U0151
U0021,U0127
U0071,U0329
U0196,U0230
U0014,U0320
U0248,U0319
U0396,U0398
U0249,U0260
U0123,U0127
U0475,U0478
U0065,U0076
U0051,U0211
U0068,U0074
U0043,U0044
U0333,U0360
U0367,U0377
U0141,U0152
U0266,U0267
U0023,U0195
U0071,U0078
U0101,U0112
U0218,U0477
U0013,U0231
U0017,U0442
U0368,U0376
U0442,U0451
U0106,U0107
U0312,U0315
U0165,U0177
U0362,U0404
U0123,U0139
U0288,U0298
U0037,U0474
U0032,U0036
U0050,U0421
U0482,U0484
U0234,U0235
U0289,U0402
U0289,U0290
U0232,U0236
U0286,U0295
U0464,U0476
U0366,U0373
U0464,U0477
U0201,U0220
U0243,U0245
U0288,U0292
U0237,U0402
U0139,U0172
U0047,U0060
U0368,U0369
U0061,U0063
U0003,U0013
U0154,U0155
U0193,U0299
U0100,U0170
U0078,U0399
U0110,U0111
U0361,U0362
U0262,U0274
U0221,U0231
U0045,U0056
U0088,U0126
U0122,U0124
U0227,U0237
U0470,U0475
U0133,U0137
U0182,U0183
U0093,U0320
U0232,U0234
U0205,U0216
U0395,U0400
U0350,U0351
U0003,U0004
U0121,U0136
U0199,U0450
U0125,U0135
U0291,U0295
U0319,U0392
U0317,U0320
U0008,U0491
U0002,U0197
U0388,U0393
U0366,U0372
U0132,U0138
U0133,U0316
U0414,U0416
U0063,U0247
U0442,U0460
U0225,U0231
U0382,U0385
U0254,U0255
U0295,U0296
U0203,U0216
U0074,U0277
U0019,U0174
U0099,U0147
U0345,U0356
U0005,U0426
U0445,U0456
U0181,U0188
U0196,U0208
U0268,U0274
U0412,U0413
U0063,U0068
U0409,U0410
U0094,U0097
U0223,U0236
U0108,U0296
U0368,U0375
U0249,U0250
U0195,U0196
U0210,U0227
U0181,U0351
U0075,U0080
U0177,U0179
U0273,U0470
U0221,U0394
U0304,U0317
U0345,U0360
U0296,U0298
U0253,U0254
U0076,U0077
U0022,U0023
U0415,U0416
U0123,U0124
U0310,U0357
U0303,U0460
U0149,U0152
U0455,U0456
U0130,U0143
U0295,U0474
U0378,U0380
U0269,U0270
U0212,U0499
U0449,U0453
U0050,U0051
U0028,U0177
U0119,U0120
U0466,U0479
U0128,U0129
U0073,U0251
U0069,U0072
U0225,U0236
U0001,U0028
U0131,U0135
U0053,U0054
U0205,U0209
U0244,U0260
U0487,U0488
U0452,U0458
U0089,U0172
U0065,U0066
U0342,U0343
U0223,U0402
U0276,U0278
U0007,U0019
U0307,U0312
U0303,U0319
U0270,U0295
U0052,U0053
U0495,U0496
U0446,U0447
U0207,U0224
U0358,U0359
U0026,U0027
U0207,U0219
U0389,U0390
U0405,U0406
U0489,U0490
U0054,U0269
U0034,U0197
U0143,U0151
U0147,U0151
U0129,U0140
U0393,U0399
U0349,U0353
U0403,U0413
U0076,U0475
U0200,U0341
U0309,U0310
U0225,U0489
U0327,U0338
U0122,U0123
U0031,U0171
U0401,U0443
U0366,U0376
U0416,U0428
U0083,U0090
U0478,U0480
U0087,U0357
U0430,U0434
U0061,U0109
U0246,U0470
U0173,U0176
U0144,U0146
U0290,U0372
U0432,U0434
U0186,U0196
U0117,U0118
U0281,U0282
U0246,U0256
U0488,U0500
U0101,U0114
U0362,U0380
U0065,U0067
U0112,U0115
U0402,U0417
U0004,U0393
U0142,U0257
U0496,U0497
U0032,U0033
U0449,U0459
U0134,U0401
U0063,U0064
U0184,U0421
U0090,U0100
U0025,U0032
U0135,U0136
U0428,U0495
U0282,U0300
U0401,U0412
U0010,U0229
U0003,U0011
U0230,U0235
U0166,U0172
U0012,U0018
U0343,U0347
U0232,U0233
U0490,U0493
U0029,U0076
U0095,U0130
U0249,U0251
U0443,U0448
U0338,U0382
U0318,U0486
U0343,U0357
U0304,U0318
U0001,U0328
U0101,U0293
U0242,U0250
U0269,U0271
U0265,U0276
U0244,U0246
U0011,U0015
U0033,U0113
U0344,U0345
U0185,U0197
U0145,U0151
U0182,U0195
U0004,U0296
U0239,U0265
U0381,U0382
U0164,U0167
U0103,U0104
U0241,U0245
U0443,U0452
U0321,U0408
U0317,U0318
U0148,U0149
U0277,U0279
U0346,U0347
U0238,U0239
U0421,U0426
U0325,U0330
U0346,U0357
U0027,U0029
U0027,U0031
U0263,U0270
U0204,U0210
U0292,U0298
U0087,U0093
U0235,U0482
U0125,U0133
U0467,U0479
U0353,U0359
U0208,U0220
U0156,U0157
U0248,U0473
U0084,U0099
U0201,U0206
U0341,U0356
U0265,U0266
U0189,U0193
U0085,U0225
U0383,U0391
U0184,U0185
U0269,U0377
U0401,U0420
U0046,U0056
U0470,U0471
U0183,U0184
U0091,U0093
U0271,U0410
U0318,U0320
U0163,U0176
U0206,U0303
U0193,U0198
U0065,U0070
U0168,U0176
U0011,U0013
U0109,U0110
U0244,U0254
U0070,U0247
U0352,U0359
U0242,U0463
U0032,U0047
U0381,U0476
U0148,U0219
U0036,U0252
U0179,U0180
U0142,U0153
U0396,U0397
U0092,U0394
U0081,U0382
U0028,U0029
U0277,U0280
U0428,U0440
U0057,U0357
U0123,U0126
U0009,U0014
U0085,U0089
U0068,U0278
U0221,U0222
U0406,U0500
U0183,U0193
U0389,U0398
U0063,U0076
U0322,U0338
U0313,U0453
U0181,U0191
U0283,U0297
U0069,U0070
U0069,U0245
U0090,U0091
U0145,U0159
U0289,U0298
U0351,U0352
U0177,U0178
U0404,U0419
U0228,U0260
U0129,U0139
U0111,U0120
U0103,U0111
U0248,U0291
U0133,U0367
U0439,U0440
U0243,U0409
U0368,U0469
U0197,U0285
U0051,U0057
U0354,U0355
U0010,U0014
U0469,U0470
U0282,U0496
U0130,U0131
U0016,U0121
U0094,U0099
U0337,U0338
U0269,U0363
U0107,U0435
U0246,U0247
U0345,U0473
U0240,U0456
U0358,U0471
U0406,U0412
U0155,U0156
U0301,U0313
U0362,U0440
U0131,U0133
U0209,U0211
U0195,U0261
U0119,U0306
U0403,U0406
U0044,U0046
U0089,U0097
U0169,U0230
U0408,U0411
U0185,U0190
U0426,U0434
U0163,U0166
U0230,U0239
U0145,U0354
U0160,U0171
U0376,U0377
U0414,U0415
U0294,U0298
U0456,U0458
U0025,U0036
U0306,U0307
U0126,U0452
U0146,U0154
U0056,U0307
U0221,U0227
U0201,U0217
U0191,U0192
U0081,U0090
U0056,U0252
U0314,U0316
U0194,U0282
U0306,U0384
U0342,U0463
U0281,U0297
U0155,U0406
U0296,U0316
U0062,U0066
U0096,U0116
U0369,U0374
U0253,U0255
U0087,U0097
U0005,U0020
U0084,U0094
U0126,U0139
U0242,U0258
U0022,U0024
U0286,U0297
U0127,U0134
U0117,U0214
U0179,U0335
U0429,U0440
U0316,U0317
U0130,U0136
U0065,U0079
U0208,U0210
U0037,U0137
U0068,U0106
U0482,U0483
U0097,U0100
U0080,U0192
U0349,U0357
U0059,U0352
U0132,U0440
U0151,U0160
U0428,U0437
U0219,U0389
U0267,U0393
U0046,U0126
U0089,U0340
U0189,U0361
U0004,U0019
U0382,U0383
U0401,U0402
U0024,U0038
U0052,U0058
U0170,U0341
U0062,U0069
U0020,U0402
U0408,U0418
U0306,U0457
U0108,U0120
U0255,U0256
U0012,U0015
U0248,U0255
U0321,U0323
U0314,U0318
U0301,U0304
U0217,U0218
U0285,U0486
U0257,U0258
U0482,U0493
U0197,U0198
U0359,U0360
U0243,U0323
U0182,U0187
U0066,U0261
U0324,U0326
U0142,U0273
U0182,U0193
U0354,U0429
U0059,U0304
U0256,U0434
U0396,U0399
U0048,U0068
U0156,U0206
U0144,U0399
U0443,U0445
U0451,U0454
U0280,U0357
U0086,U0238
U0323,U0353
U0247,U0260
U0433,U0434
U0468,U0477
U0166,U0173
U0045,U0171
U0141,U0142
U0273,U0280
U0472,U0473
U0275,U0448
U0164,U0168
U0151,U0159
U0496,U0498
U0285,U0291
U0305,U0308
U0263,U0268
U0088,U0131
U0081,U0082
U0233,U0261
U0006,U0007
U0263,U0264
U0468,U0480
U0452,U0453
U0490,U0491
U0271,U0323
U0323,U0330
U0106,U0278
U0447,U0451
U0295,U0351
U0427,U0445
U0235,U0455
U0416,U0417
U0126,U0135
U0216,U0217
U0112,U0122
U0005,U0013
U0424,U0433
U0376,U0448
U0388,U0391
U0154,U0292
U0359,U0470
U0349,U0350
U0436,U0440
U0463,U0480
U0223,U0446
U0428,U0430
U0008,U0176
U0046,U0050
U0055,U0330
U0333,U0355
U0400,U0416
U0008,U0018
U0127,U0131
U0163,U0164
U0339,U0340
U0345,U0359
U0009,U0016
U0133,U0134
U0116,U0144
U0473,U0499
U0071,U0280
U0339,U0480
U0053,U0057
U0302,U0338
U0292,U0316
U0229,U0230
U0085,U0432
U0208,U0398
U0194,U0195
U0242,U0243
U0278,U0279
U0042,U0049
U0247,U0256
U0101,U0108
U0231,U0416
U0010,U0107
U0008,U0012
U0485,U0497
U0103,U0165
U0010,U0016
U0409,U0412
U0017,U0140
U0028,U0463
U0214,U0215
U0201,U0213
U0491,U0494
U0157,U0171
U0208,U0212
U0310,U0466
U0462,U0467
U0022,U0208
U0018,U0019
U0189,U0192
U0091,U0228
U0042,U0431
U0205,U0244
U0348,U0354
U0305,U0317
U0107,U0117
U0112,U0114
U0310,U0318
U0021,U0027
U0343,U0348
U0275,U0279
U0022,U0450
U0342,U0345
U0386,U0398
U0261,U0277
U0342,U0348
U0039,U0328
U0331,U0339
U0290,U0300
U0072,U0455
U0064,U0066
U0378,U0415
U0487,U0493
U0327,U0328
U0311,U0317
U0371,U0374
U0307,U0308
U0494,U0497
U0024,U0026
U0170,U0410
U0033,U0200
U0049,U0052
U0024,U0029
U0472,U0475
U0041,U0052
U0285,U0286
U0429,U0430
U0271,U0280
U0243,U0252
U0044,U0186
U0202,U0460
U0126,U0266
U0379,U0477
U0436,U0437
U0353,U0489
U0092,U0093
U0130,U0135
U0241,U0242
U0381,U0396
U0267,U0268
U0208,U0218
U0409,U0420
U0116,U0277
U0222,U0233
U0042,U0059
U0121,U0129
U0195,U0420
U0362,U0378
U0296,U0389
U0027,U0035
U0249,U0253
U0139,U0339
U0026,U0095
U0406,U0411
U0035,U0286
U0208,U0217
U0473,U0477
U0235,U0236
U0252,U0256
U0262,U0277
U0247,U0499
U0366,U0380
U0146,U0294
U0062,U0063
U0373,U0388
U0269,U0466
U0062,U0071
U0035,U0039
U0318,U0322
U0434,U0438
U0311,U0314
U0190,U0200
U0027,U0028
U0034,U0150
U0256,U0258
U0065,U0068
U0335,U0338
U0484,U0485
U0331,U0336
U0365,U0366
U0159,U0374
U0181,U0182
U0222,U0313
U0301,U0317
U0024,U0171
U0291,U0404
U0148,U0160
U0009,U0074
U0041,U0308
U0159,U0269
U0204,U0215
U0477,U0479
U0019,U0331
U0020,U0478
U0073,U0074
U0323,U0337
U0426,U0427
U0045,U0052
U0026,U0464
U0013,U0014
U0016,U0019
U0149,U0150
U0044,U0454
U0146,U0153
U0048,U0318
U0234,U0236
U0041,U0354
U0403,U0404
U0053,U0060
U0111,U0113
U0136,U0138
U0168,U0398
U0305,U0318
U0142,U0143
U0153,U0170
U0472,U0479
U0303,U0307
U0466,U0478
U0493,U0494
U0265,U0347
U0463,U0466
U0482,U0498
U0463,U0464
U0462,U0475
U0043,U0065
U0304,U0313
U0492,U0495
U0044,U0054
U0058,U0059
U0154,U0267
U0261,U0264
U0011,U0014
U0008,U0009
U0076,U0079
U0433,U0490
U0389,U0392
U0233,U0237
U0264,U0273
U0077,U0079
U0374,U0379
U0166,U0168
U0184,U0250
U0083,U0400
U0418,U0419
U0249,U0444
U0148,U0159
U0353,U0356
U0234,U0495
U0182,U0192
U0122,U0136
U0383,U0393
U0167,U0168
U0405,U0417
U0006,U0018
U0453,U0454
U0387,U0397
U0275,U0443
U0105,U0280
U0203,U0220
U0013,U0099
U0309,U0430
U0185,U0477
U0073,U0483
U0212,U0417
U0245,U0252
U0322,U0328
U0310,U0311
U0304,U0305
U0429,U0438
U0148,U0447
U0041,U0274
U0098,U0377
U0227,U0228
U0053,U0264
U0241,U0294
U0163,U0321
U0210,U0219
U0305,U0306
U0353,U0360
U0091,U0094
U0287,U0290
U0262,U0268
U0150,U0200
U0316,U0444
U0042,U0043
U0102,U0419
U0101,U0111
U0431,U0432
U0063,U0065
U0426,U0428
U0090,U0466
U0129,U0166
U0103,U0113
U0441,U0453
U0392,U0399
U0006,U0069
U0010,U0343
U0166,U0170
U0007,U0130
U0052,U0069
U0061,U0074
U0029,U0324
U0364,U0377
U0244,U0253
U0385,U0386
U0054,U0055
U0156,U0397
U0007,U0020
U0169,U0270
U0180,U0316
U0389,U0399
U0001,U0061
U0123,U0212
U0361,U0368
U0387,U0392
U0462,U0479
U0313,U0456
U0481,U0488
U0145,U0444
U0353,U0371
U0161,U0171
U0028,U0030
U0010,U0335
U0328,U0329
U0128,U0138
U0465,U0466
U0482,U0485
U0196,U0267
U0057,U0441
U0070,U0073
U0035,U0420
U0241,U0252
U0068,U0069
U0026,U0038
U0210,U0220
U0391,U0396
U0325,U0328
U0405,U0416
U0363,U0380
U0461,U0467
U0185,U0186
U0423,U0433
U0146,U0152
U0239,U0240
U0441,U0459
U0284,U0292
U0265,U0463
U0155,U0244
U0007,U0015
U0414,U0419
U0231,U0242
U0487,U0491
U0037,U0332
U0047,U0233
U0421,U0458
U0126,U0129
U0047,U0048
U0493,U0499
U0041,U0042
U0436,U0438
U0082,U0090
U0457,U0458
U0079,U0080
U0107,U0118
U0455,U0460
U0350,U0490
U0016,U0431
U0059,U0362
U0226,U0344
U0106,U0119
U0286,U0290
U0048,U0468
U0315,U0316
U0293,U0373
U0367,U0373
U0409,U0418
U0124,U0294
U0032,U0398
U0171,U0176
U0387,U0420
U0183,U0200
U0206,U0209
U0090,U0094
U0124,U0135
U0476,U0477
U0407,U0408
U0224,U0234
U0092,U0226
U0423,U0429
U0461,U0477
U0267,U0280
U0239,U0241
U0305,U0336
U0094,U0201
U0133,U0281
U0121,U0131
U0276,U0277
U0203,U0371
U0442,U0449
U0386,U0397
U0174,U0193
U0409,U0413
U0447,U0448
U0255,U0450
U0264,U0269
U0087,U0088
U0011,U0016
U0069,U0076
U0055,U0097
U0047,U0053
U0063,U0363
U0033,U0039
U0304,U0369
U0230,U0234
U0090,U0155
U0447,U0452
U0065,U0344
U0226,U0237
U0016,U0484
U0122,U0135
U0030,U0031
U0323,U0340
U0335,U0340
U0388,U0400
U0045,U0054
U0387,U0389
U0344,U0381
U0104,U0110
U0413,U0414
U0311,U0312
U0313,U0315
U0058,U0244
U0424,U0425
U0022,U0032
U0285,U0289
U0301,U0302
U0269,U0329
U0171,U0175
U0407,U0409
U0205,U0206
U0293,U0381
U0124,U0384
U0075,U0076
U0021,U0033
U0362,U0461
U0279,U0414
U0302,U0316
U0348,U0492
U0428,U0429
U0151,U0240
U0120,U0297
U0172,U0173
U0406,U0415
U0244,U0245
U0188,U0296
U0448,U0453
U0226,U0231
U0093,U0249
U0441,U0444
U0166,U0174
U0204,U0219
U0109,U0276
U0467,U0477
U0006,U0013
U0369,U0379
U0024,U0028
U0307,U0327
U0021,U0024
U0053,U0059
U0185,U0443
U0047,U0232
U0180,U0287
U0277,U0278
U0322,U0327
U0340,U0464
U0422,U0423
U0266,U0276
U0001,U0415
U0071,U0079
U0467,U0480
U0162,U0172
U0387,U0388
U0399,U0400
U0388,U0390
U0110,U0120
U0107,U0110
U0082,U0095
U0019,U0020
U0167,U0180
U0274,U0321
U0112,U0487
U0212,U0216
U0139,U0487
U0010,U0011
U0221,U0224
U0026,U0031
U0227,U0468
U0182,U0408
U0023,U0024
U0455,U0470
U0432,U0439
U0267,U0273
U0222,U0230
U0195,U0350
U0425,U0435
U0154,U0394
U0288,U0297
U0410,U0412
U0079,U0219
U0125,U0318
U0087,U0157
U0099,U0116
U0033,U0303
U0034,U0038
U0344,U0415
U0254,U0259
U0404,U0441
U0257,U0260
U0325,U0339
U0345,U0347
U0058,U0192
U0140,U0440
U0165,U0180
U0019,U0086
U0090,U0414
U0004,U0005
U0222,U0225
U0134,U0135
U0345,U0357
U0088,U0394
U0068,U0071
U0229,U0235
U0061,U0140
U0107,U0175
U0132,U0133
U0475,U0476
U0081,U0084
U0435,U0436
U0078,U0175
U0211,U0214
U0287,U0298
U0391,U0400
U0127,U0128
U0029,U0030
U0147,U0156
U0084,U0085
U0023,U0039
U0052,U0060
U0336,U0338
U0402,U0419
U0272,U0275
U0302,U0303
U0023,U0030
U0362,U0370
U0184,U0193
U0129,U0398
U0327,U0413
U0173,U0177
U0306,U0320
U0243,U0256
U0410,U0420
U0242,U0246
U0004,U0009
U0193,U0194
U0092,U0361
U0228,U0240
U0250,U0429
U0004,U0015
U0163,U0450
U0015,U0016
U0164,U0173
U0321,U0352
U0485,U0500
U0449,U0450
U0098,U0099
U0305,U0337
U0466,U0500
U0161,U0167
U0003,U0160
U0347,U0356
U0386,U0389
U0325,U0336
U0288,U0475
U0086,U0090
U0464,U0466
U0150,U0445
U0142,U0146
U0027,U0040
U0202,U0213
U0070,U0221
U0169,U0178
U0233,U0250
U0332,U0336
U0450,U0451
U0176,U0177
U0405,U0415
U0137,U0138
U0073,U0077
U0193,U0197
U0112,U0315
U0296,U0297
U0104,U0332
U0072,U0097
U0218,U0310
U0361,U0374
U0190,U0191
U0122,U0191
U0044,U0048
U0145,U0156
U0116,U0119
U0141,U0144
U0365,U0376
U0114,U0212
U0006,U0109
U0282,U0283
U0162,U0463
U0043,U0055
U0363,U0372
U0274,U0279
U0074,U0115
U0444,U0458
U0313,U0314
U0065,U0074
U0398,U0399
U0040,U0351
U0106,U0335
U0393,U0394
U0404,U0405
U0447,U0457
U0211,U0493
U0195,U0369
U0019,U0371
U0113,U0114
U0132,U0166
U0384,U0396
U0071,U0298
U0204,U0205
U0107,U0423
U0083,U0345
U0253,U0452
U0200,U0357
U0213,U0388
U0273,U0486
U0174,U0175
U0114,U0115
U0287,U0291
U0327,U0478
U0164,U0169
U0056,U0267
U0061,U0369
U0192,U0193
U0103,U0109
U0210,U0217
U0161,U0281
U0108,U0109
U0101,U0113
U0153,U0156
U0338,U0340
U0018,U0020
U0047,U0064
U0445,U0452
U0265,U0392
U0209,U0214
U0069,U0074
U0154,U0260
U0146,U0313
U0007,U0008
U0369,U0370
U0268,U0342
U0275,U0305
U0290,U0447
U0254,U0429
U0030,U0034
U0040,U0259
U0072,U0075
U0394,U0397
U0325,U0329
U0448,U0451
U0166,U0282
U0282,U0285
U0308,U0309
U0477,U0478
U0270,U0271
U0122,U0128
U0447,U0455
U0310,U0315
U0081,U0097
U0160,U0497
U0423,U0434
U0423,U0424
U0245,U0256
U0059,U0141
U0093,U0094
U0291,U0298
U0105,U0108
U0283,U0291
U0341,U0347
U0484,U0494
U0124,U0129
U0133,U0163
U0191,U0198
U0290,U0297
U0178,U0179
U0092,U0214
U0249,U0257
U0472,U0478
U0246,U0251
U0202,U0303
U0202,U0203
U0036,U0037
U0182,U0188
U0120,U0273
U0121,U0122
U0285,U0292
U0383,U0384
U0074,U0075
U0153,U0159
U0110,U0119
U0097,U0098
U0453,U0456
U0104,U0410
U0092,U0098
U0374,U0377
U0248,U0249
U0251,U0252
U0055,U0459
U0483,U0493
U0158,U0385
U0088,U0096
U0306,U0318
U0103,U0476
U0483,U0497
U0282,U0432
U0036,U0208
U0031,U0034
U0442,U0446
U0469,U0478
U0287,U0288
U0013,U0395
U0023,U0038
U0063,U0080
U0095,U0096
U0400,U0419
U0121,U0138
U0026,U0034
U0231,U0236
U0204,U0216
U0096,U0200
U0356,U0417
U0410,U0411
U0172,U0459
U0122,U0130
U0225,U0227
U0035,U0036
U0131,U0405
U0296,U0299
U0207,U0434
U0111,U0112
U0203,U0276
U0333,U0334
U0180,U0246
U0464,U0468
U0101,U0102
U0435,U0439
U0405,U0407
U0247,U0493
U0046,U0051
U0364,U0366
U0231,U0234
U0488,U0489
U0496,U0499
U0325,U0337
U0135,U0243
U0077,U0339
U0073,U0238
U0255,U0305
U0024,U0125
U0104,U0109
U0027,U0060
U0332,U0337
U0002,U0104
U0335,U0336
U0341,U0350
U0068,U0077
U0087,U0297
U0145,U0146
U0189,U0194
U0471,U0483
U0213,U0413
U0218,U0219
U0334,U0335
U0282,U0290
U0199,U0437
U0450,U0456
U0187,U0468
U0046,U0177
U0421,U0422
U0180,U0282
U0013,U0239
U0298,U0463
U0045,U0439
U0012,U0013
U0473,U0478
U0458,U0481
U0077,U0081
U0173,U0347
U0031,U0035
U0123,U0129
U0063,U0072
U0305,U0447
U0141,U0156
U0174,U0277
U0105,U0109
U0151,U0217
U0183,U0191
U0170,U0171
U0098,U0175
U0411,U0412
U0443,U0453
U0058,U0298
U0189,U0197
U0124,U0134
U0020,U0403
U0169,U0170
U0467,U0468
U0172,U0468
U0001,U0018
U0221,U0239
U0424,U0450
U0006,U0014
U0429,U0434
U0113,U0180
U0183,U0194
U0286,U0294
U0093,U0414
U0086,U0092
U0338,U0442
U0103,U0351
U0494,U0495
U0264,U0279
U0404,U0413
U0390,U0391
U0362,U0377
U0234,U0441
U0303,U0320
U0035,U0158
U0164,U0170
U0211,U0212
U0462,U0463
U0199,U0200
U0081,U0083
U0242,U0255
U0248,U0464
U0257,U0365
U0348,U0378
U0293,U0311
U0120,U0419
U0163,U0171
U0137,U0411
U0268,U0269
U0301,U0315
U0219,U0220
U0086,U0237
U0019,U0075
U0048,U0058
U0497,U0498
U0051,U0131
U0104,U0452
U0108,U0314
U0356,U0360
U0119,U0198
U0141,U0159
U0091,U0475
U0112,U0118
U0411,U0420
U0076,U0388
U0323,U0329
U0326,U0387
U0425,U0428
U0186,U0187
U0163,U0172
U0158,U0490
U0135,U0138
U0008,U0067
U0041,U0268
U0363,U0364
U0329,U0338
U0452,U0455
U0016,U0017
U0264,U0280
U0108,U0379
U0017,U0019
U0223,U0480
U0193,U0196
U0471,U0474
U0326,U0328
U0068,U0095
U0112,U0119
U0284,U0295
U0291,U0314
U0352,U0353
U0362,U0363
U0365,U0459
U0393,U0395
U0091,U0288
U0026,U0228
U0149,U0151
U0326,U0334
U0273,U0306
U0063,U0073
U0081,U0089
U0169,U0176
U0341,U0354
U0159,U0353
U0444,U0453
U0488,U0494
U0102,U0114
U0007,U0148
U0412,U0421
U0023,U0270
U0462,U0477
U0051,U0052
U0201,U0464
U0152,U0159
U0125,U0474
U0323,U0493
U0189,U0190
U0264,U0276
U0373,U0380
U0037,U0038
U0333,U0339
U0238,U0306
U0057,U0058
U0143,U0152
U0374,U0375
U0007,U0016
U0036,U0040
U0426,U0438
U0161,U0162
U0118,U0119
U0342,U0359
U0229,U0238
U0108,U0457
U0338,U0339
U0364,U0393
U0381,U0399
U0483,U0491
U0132,U0136
U0423,U0427
U0484,U0490
U0309,U0313
U0209,U0212
U0044,U0059
U0182,U0197
U0388,U0392
U0293,U0374
U0302,U0304
U0366,U0367
U0231,U0325
U0028,U0354
U0482,U0499
U0132,U0321
U0063,U0078
U0183,U0190
U0283,U0293
U0158,U0215
U0085,U0086
U0079,U0257
U0228,U0229
U0335,U0337
U0083,U0088
U0036,U0403
U0028,U0035
U0254,U0256
U0408,U0409
U0112,U0113
U0152,U0158
U0045,U0472
U0303,U0379
U0366,U0419
U0370,U0404
U0404,U0458
U0004,U0014
U0169,U0175
U0353,U0400
U0009,U0495
U0073,U0374
U0104,U0328
U0223,U0226
U0442,U0443
U0034,U0035
U0083,U0098
U0115,U0116
U0206,U0207
U0027,U0365
U0470,U0478
U0082,U0093
U0006,U0399
U0082,U0487
U0108,U0114
U0033,U0034
U0261,U0268
U0237,U0238
U0297,U0298
U0443,U0444
U0164,U0175
U0064,U0074
U0128,U0132
U0464,U0474
U0348,U0349
U0106,U0349
U0489,U0493
U0164,U0451
U0098,U0179
U0381,U0389
U0021,U0377
U0109,U0115
U0305,U0310
U0405,U0419
U0083,U0100
U0001,U0002
U0040,U0343
U0332,U0333
U0225,U0226
U0471,U0472
U0017,U0438
U0201,U0237
U0476,U0478
U0412,U0420
U0003,U0012
U0256,U0274
U0174,U0178
U0388,U0399
U0255,U0267
U0456,U0457
U0297,U0409
U0286,U0420
U0384,U0385
U0149,U0158
U0395,U0396
U0032,U0134
U0049,U0058
U0224,U0237
U0190,U0462
U0022,U0050
U0384,U0398
U0044,U0045
U0325,U0326
U0158,U0421
U0312,U0313
U0123,U0131
U0212,U0269
U0067,U0068
U0024,U0053
U0046,U0096
U0237,U0273
U0441,U0445
U0269,U0273
U0023,U0478
U0407,U0494
U0401,U0406
U0343,U0344
U0445,U0449
U0481,U0482
U0091,U0092
U0488,U0499
U0286,U0287
U0202,U0313
U0321,U0322
U0204,U0453
U0181,U0216
U0430,U0436
U0058,U0379
U0100,U0267
U0212,U0220
U0287,U0289
U0207,U0215
U0344,U0360
U0021,U0298
U0491,U0498
U0356,U0473
U0272,U0493
U0378,U0379
U0077,U0084
U0233,U0244
U0468,U0469
U0369,U0376
U0391,U0392
U0242,U0244
U0024,U0304
U0326,U0339
U0148,U0229
U0263,U0276
U0089,U0244
U0111,U0269
U0196,U0365
U0109,U0340
U0054,U0056
U0485,U0491
U0315,U0317
U0088,U0428
U0022,U0040
U0388,U0389
U0068,U0492
U0268,U0385
U0425,U0432
U0200,U0362
U0336,U0339
U0263,U0464
U0364,U0372
U0129,U0130
U0070,U0202
U0049,U0059
U0411,U0418
U0386,U0387
U0041,U0059
U0187,U0200
U0230,U0231
U0081,U0163
U0487,U0499
U0421,U0481
U0195,U0460
U0461,U0462
U0041,U0184
U0190,U0229
U0352,U0435
U0451,U0460
U0050,U0059
U0104,U0412
U0298,U0300
U0189,U0196
U0307,U0310
U0326,U0327
U0371,U0373
U0422,U0432
U0088,U0089
U0151,U0152
U0498,U0499
U0176,U0279
U0029,U0036
U0318,U0319
U0146,U0148
U0125,U0127
U0003,U0005
U0123,U0251
U0361,U0379
U0454,U0455
U0441,U0455
U0421,U0430
U0055,U0408
U0034,U0105
U0023,U0034
U0084,U0408
U0492,U0494
U0064,U0065
U0483,U0484
U0167,U0285
U0060,U0305
U0203,U0210
U0275,U0285
U0024,U0036
U0392,U0394
U0157,U0158
U0272,U0277
U0357,U0360
U0409,U0416
U0083,U0084
U0242,U0465
U0132,U0137
U0188,U0189
U0168,U0169
U0104,U0399
U0371,U0372
U0343,U0492
U0344,U0352
U0430,U0451
U0236,U0390
U0258,U0259
U0086,U0096
U0233,U0234
U0222,U0223
U0066,U0070
U0181,U0195
U0324,U0374
U0266,U0279
U0028,U0045
U0345,U0346
U0253,U0260
U0029,U0173
U0144,U0151
U0122,U0375
U0028,U0037
U0488,U0490
U0458,U0459
U0044,U0176
U0138,U0211
U0139,U0164
U0207,U0208
U0328,U0332
U0137,U0139
U0237,U0240
U0001,U0010
U0136,U0417
U0265,U0275
U0165,U0176
U0141,U0155
U0233,U0241
U0048,U0050
U0093,U0354
U0105,U0107
U0234,U0313
U0306,U0395
U0202,U0251
U0013,U0018
U0383,U0398
U0167,U0444
U0023,U0035
U0242,U0245
U0060,U0268
U0005,U0484
U0290,U0332
U0136,U0329
U0095,U0459
U0462,U0469
U0045,U0248
U0247,U0248
U0185,U0193
U0194,U0197
U0065,U0080
U0303,U0312
U0061,U0071
U0082,U0281
U0372,U0373
U0024,U0035
U0092,U0331
U0075,U0445
U0361,U0412
U0187,U0195
U0150,U0158
U0252,U0255
U0008,U0011
U0443,U0456
U0026,U0346
U0190,U0284
U0376,U0432
U0039,U0040
U0026,U0098
U0247,U0252
U0158,U0330
U0418,U0456
U0489,U0498
U0304,U0323
U0024,U0025
U0119,U0486
U0005,U0299
U0005,U0006
U0374,U0380
U0314,U0481
U0014,U0391
U0147,U0424
U0144,U0159
U0282,U0294
U0277,U0406
U0273,U0277
U0402,U0436
U0412,U0418
U0062,U0064
U0001,U0003
U0329,U0334
U0159,U0160
U0182,U0196
U0421,U0438
U0011,U0012
U0297,U0384
U0009,U0010
U0082,U0083
U0038,U0039
U0165,U0166
U0070,U0071
U0351,U0417
U0184,U0188
U0331,U0425
U0382,U0398
U0071,U0337
U0166,U0189
U0265,U0274
U0294,U0295
U0104,U0388
U0223,U0224
U0067,U0310
U0172,U0178
U0392,U0497
U0321,U0337
U0025,U0026
U0025,U0029
U0392,U0393
U0235,U0239
U0383,U0486
U0195,U0200
U0479,U0480
U0313,U0320
U0364,U0365
U0290,U0470
U0262,U0314
U0102,U0116
U0308,U0320
U0150,U0226
U0389,U0393
U0012,U0170
U0103,U0108
U0139,U0140
U0066,U0437
U0044,U0070
U0221,U0240
U0353,U0354
U0312,U0317
U0028,U0125
U0108,U0357
U0379,U0380
U0100,U0149
U0326,U0335
U0046,U0058
U0016,U0392
U0316,U0410
U0274,U0275
U0430,U0435
U0162,U0179
U0224,U0233
U0448,U0455
U0102,U0103
U0079,U0214
U0446,U0448
U0131,U0132
U0309,U0318
U0037,U0160
U0425,U0437
U0299,U0300
U0384,U0397
U0071,U0084
U0095,U0163
U0314,U0315
U0017,U0018
U0272,U0473
U0248,U0254
U0302,U0306
U0187,U0188
U0499,U0500
U0044,U0057
U0184,U0479
U0432,U0474
U0300,U0399
U0196,U0199
U0334,U0471
U0148,U0152
U0336,U0337
U0182,U0321
U0029,U0428
U0225,U0234
U0314,U0447
U0163,U0170
U0055,U0059
U0346,U0356
U0324,U0325
U0127,U0219
U0361,U0367
U0411,U0415
U0356,U0412
U0212,U0218
U0095,U0192
U0002,U0295
U0342,U0360
U0330,U0351
U0186,U0200
U0370,U0371
U0264,U0271
U0199,U0236
U0148,U0420
U0031,U0032
U0088,U0098
U0003,U0010
U0196,U0197
U0010,U0178
U0049,U0050
U0361,U0449
U0115,U0118
U0222,U0238
U0026,U0032
U0073,U0075
U0346,U0360
U0445,U0446
U0304,U0307
U0056,U0058
U0237,U0434
U0301,U0319
U0053,U0208
U0179,U0394
U0065,U0073
U0019,U0048
U0171,U0172
U0481,U0489
U0075,U0496
U0244,U0256
U0061,U0378
U0015,U0018
U0061,U0062
U0030,U0481
U0490,U0497
U0062,U0500
U0122,U0339
U0330,U0331
U0406,U0407
U0385,U0440
U0037,U0333
U0124,U0125
U0050,U0240
U0057,U0157
U0207,U0211
U0173,U0219
U0015,U0492
U0219,U0355
U0365,U0369
U0153,U0154
U0255,U0460
U0248,U0251
U0390,U0398
U0047,U0058
U0300,U0336
U0344,U0351
U0125,U0126
U0437,U0438
U0055,U0056
U0141,U0157
U0302,U0311
U0252,U0253
U0046,U0054
U0201,U0216
U0182,U0320
U0402,U0403
U0408,U0419
U0046,U0055
U0121,U0124
U0121,U0359
U0043,U0045
U0134,U0138
U0007,U0035
U0336,U0478
U0293,U0294
U0146,U0147
U0089,U0324
U0213,U0214
U0472,U0474
U0367,U0368
U0224,U0232
U0288,U0316
U0045,U0050
U0451,U0452
U0044,U0437
U0046,U0047
U0466,U0471
U0015,U0067
U0264,U0265
U0231,U0420
U0102,U0106
U0218,U0283
U0463,U0470
U0282,U0293
U0183,U0316
U0303,U0305
U0375,U0376
